Classifier,Metric,Scores
RandomForestClassifier,accuracy,[0.80839002 0.80564086 0.80266452 0.80672745 0.80781405]
RandomForestClassifier,recall,[0.21075318 0.20263218 0.19809394 0.19854776 0.21397776]
RandomForestClassifier,precision,[0.61686587 0.59812458 0.57585752 0.61018131 0.6095669 ]
RandomForestClassifier,roc_auc,[0.7285727  0.73613303 0.74111171 0.73773036 0.73176218]
RandomForestClassifier,f1,[0.31416977 0.30271186 0.29478305 0.29960623 0.31676184]
RandomForestClassifier,make_scorer(matthews_corrcoef),[0.27851446 0.2645534  0.25150684 0.26689049 0.27757888]
Classifier,Metric,Scores
